{
  "case_count": 3,
  "operator_count": 4,
  "uccd6": [
    {
      "case": "stable_t0p01",
      "case_label": "stable t~0.01",
      "operator": "uccd6",
      "unit_no_volume_power": -6.131333139869874,
      "unit_volume_power": -3.028270829368042e-07,
      "rho_volume_power": 0.00015081914789117335,
      "density_transport_correction": -0.0001336366409901135,
      "paired_transport_power": 1.7182506901059917e-05,
      "conv_linf": 22.911836934855902,
      "conv_p99": 17.663712020049893,
      "ke": 5.936032042677943e-05,
      "u_linf": 0.12030045846791906,
      "v_linf": 0.3036677057621129,
      "rho_rhs_linf": 51295.14465034693,
      "positive_rho_power": 0.001414287317355282,
      "negative_rho_power": -0.0012634681694641088,
      "positive_paired_power": 0.00140829860055873,
      "negative_paired_power": -0.0013911160936576701,
      "conv_prev_rho_volume_power": -0.0014843971305820657,
      "imex_bdf2_rho_volume_power": 0.0017860354263644128,
      "imex_bdf2_linf": 150.22099068681698,
      "rho_power_gas_core": -8.824174939925812e-06,
      "rho_power_gas_interface": -0.0001650366117124371,
      "rho_power_liquid_interface": 0.00020455745004751977,
      "rho_power_liquid_bulk": 0.00012012248449601651,
      "paired_power_gas_core": 4.093113968257884e-08,
      "paired_power_gas_interface": -0.00021535482833364973,
      "paired_power_liquid_interface": 0.0001010616361266229,
      "paired_power_liquid_bulk": 0.00013143476796840414
    },
    {
      "case": "pre_blowup_t0p018033",
      "case_label": "pre-blow-up",
      "operator": "uccd6",
      "unit_no_volume_power": -5.852355800757033e+17,
      "unit_volume_power": -36002261050.17653,
      "rho_volume_power": -14102904962523.1,
      "density_transport_correction": -28926223656.5836,
      "paired_transport_power": -14131831186179.684,
      "conv_linf": 234237630287.11804,
      "conv_p99": 192863853756.42603,
      "ke": 883870.8994627862,
      "u_linf": 15593.717577199073,
      "v_linf": 305.93676356205515,
      "rho_rhs_linf": 4071158500.9054904,
      "positive_rho_power": 309864291520.9972,
      "negative_rho_power": -14412769254044.098,
      "positive_paired_power": 526108882524.82605,
      "negative_paired_power": -14657940068704.51,
      "conv_prev_rho_volume_power": 1286036810697943.5,
      "imex_bdf2_rho_volume_power": -1314242620622990.0,
      "imex_bdf2_linf": 11565353737791.96,
      "rho_power_gas_core": -168144935747.888,
      "rho_power_gas_interface": -3363556049907.4023,
      "rho_power_liquid_interface": -8803564069489.45,
      "rho_power_liquid_bulk": -1767639907378.3616,
      "paired_power_gas_core": -166505221727.9549,
      "paired_power_gas_interface": -3401287300866.8555,
      "paired_power_liquid_interface": -8797716079562.398,
      "paired_power_liquid_bulk": -1766322584022.4736
    },
    {
      "case": "final_guard_t0p018033",
      "case_label": "guard final",
      "operator": "uccd6",
      "unit_no_volume_power": -1.5997174943091712e+18,
      "unit_volume_power": -98470846664.36722,
      "rho_volume_power": -38577086152710.69,
      "density_transport_correction": -87751479658.54074,
      "paired_transport_power": -38664837632369.22,
      "conv_linf": 459889170296.56323,
      "conv_p99": 394714730661.0807,
      "ke": 1745169.412529016,
      "u_linf": 22006.661273100748,
      "v_linf": 424.1478599765762,
      "rho_rhs_linf": 5707746086.660673,
      "positive_rho_power": 886868136869.1348,
      "negative_rho_power": -39463954289579.81,
      "positive_paired_power": 1510288279219.4111,
      "negative_paired_power": -40175125911588.64,
      "conv_prev_rho_volume_power": 3498195876154951.0,
      "imex_bdf2_rho_volume_power": -3575350048460373.0,
      "imex_bdf2_linf": 22334764231302.867,
      "rho_power_gas_core": -492096742604.8583,
      "rho_power_gas_interface": -9126660662380.457,
      "rho_power_liquid_interface": -24638002160662.297,
      "rho_power_liquid_bulk": -4320326587063.0723,
      "paired_power_gas_core": -518693885945.5486,
      "paired_power_gas_interface": -9194131007659.135,
      "paired_power_liquid_interface": -24664427485706.76,
      "paired_power_liquid_bulk": -4287585253057.782
    }
  ],
  "interpretation": "A two-phase transport-compatible convection operator should not create positive rho-weighted kinetic energy on closed walls. Positive rho_volume_power or paired_transport_power identifies an energy-metric mismatch that cannot be repaired by pressure clipping or velocity damping."
}