{
  "periodic_uccd6_n32": [
    {
      "grid_name": "periodic_uniform",
      "density_name": "constant",
      "operator_name": "uccd6",
      "history_name": "shift=0.0115625",
      "n_effective": 32,
      "ke": 0.25,
      "unit_power": -7.069506915806378e-08,
      "rho_power": -7.069506915806378e-08,
      "density_correction": -3.851859888774472e-33,
      "paired_power": -7.069506915806378e-08,
      "cross_prev_rho_power": -7.032260185974026e-08,
      "imex_rho_power": -7.106753645942307e-08,
      "imex_paired_power": -7.106753645942307e-08,
      "current_linf": 3.1415921006976446,
      "imex_linf": 3.1746959819752343,
      "normalized_paired_rate": -2.8278027663225513e-07,
      "normalized_imex_rate": -2.842701458376923e-07
    },
    {
      "grid_name": "periodic_uniform",
      "density_name": "smooth_mild",
      "operator_name": "uccd6",
      "history_name": "shift=0.0115625",
      "n_effective": 32,
      "ke": 0.25,
      "unit_power": -7.069506915806378e-08,
      "rho_power": -7.06950691554617e-08,
      "density_correction": 1.734723475976807e-18,
      "paired_power": -7.069506915372697e-08,
      "cross_prev_rho_power": -0.0016936483151727653,
      "imex_rho_power": 0.0016935069250344492,
      "imex_paired_power": 0.001693506925034451,
      "current_linf": 3.1415921006976446,
      "imex_linf": 3.1746959819752343,
      "normalized_paired_rate": -2.827802766149079e-07,
      "normalized_imex_rate": 0.006774027700137804
    },
    {
      "grid_name": "periodic_uniform",
      "density_name": "smooth_high_ratio",
      "operator_name": "uccd6",
      "history_name": "shift=0.0115625",
      "n_effective": 32,
      "ke": 125.15,
      "unit_power": -7.069506915806378e-08,
      "rho_power": -3.5389951628328475e-05,
      "density_correction": 0.0,
      "paired_power": -3.5389951628328475e-05,
      "cross_prev_rho_power": -1.4096566193110087,
      "imex_rho_power": 1.4095858394077627,
      "imex_paired_power": 1.4095858394077627,
      "current_linf": 3.1415921006976446,
      "imex_linf": 3.1746959819752343,
      "normalized_paired_rate": -2.8278027669459427e-07,
      "normalized_imex_rate": 0.011263170910169897
    },
    {
      "grid_name": "periodic_uniform",
      "density_name": "bubble_high_ratio",
      "operator_name": "uccd6",
      "history_name": "shift=0.0115625",
      "n_effective": 32,
      "ke": 203.7164042496989,
      "unit_power": -7.069506915806378e-08,
      "rho_power": 9.025452180496666,
      "density_correction": -8.960399535045363,
      "paired_power": 0.06505264545130274,
      "cross_prev_rho_power": 8.337393461613498,
      "imex_rho_power": 9.713510899379836,
      "imex_paired_power": 0.7531113643344725,
      "current_linf": 3.1415921006976446,
      "imex_linf": 3.1746959819752343,
      "normalized_paired_rate": 0.0003193294408022563,
      "normalized_imex_rate": 0.0036968616597579944
    }
  ],
  "saved_wall_grid": [
    {
      "grid_name": "rising_bubble_saved_wall_grid",
      "density_name": "constant",
      "operator_name": "ccd",
      "history_name": "shift=0.00037",
      "n_effective": 32,
      "ke": 0.0009632080612599253,
      "unit_power": -0.05799836983152039,
      "rho_power": -0.05799836983152039,
      "density_correction": -0.02140602010806439,
      "paired_power": -0.07940438993958478,
      "cross_prev_rho_power": -0.057996336249285324,
      "imex_rho_power": -0.05800040341375541,
      "imex_paired_power": -0.0794064235218198,
      "current_linf": 9412.752977417193,
      "imex_linf": 9510.063793526035,
      "normalized_paired_rate": -82.43742253954953,
      "normalized_imex_rate": -82.43953379911724
    },
    {
      "grid_name": "rising_bubble_saved_wall_grid",
      "density_name": "constant",
      "operator_name": "uccd6",
      "history_name": "shift=0.00037",
      "n_effective": 32,
      "ke": 0.0009632080612599253,
      "unit_power": -0.08713428427049685,
      "rho_power": -0.08713428427049685,
      "density_correction": -0.02140602010806439,
      "paired_power": -0.10854030437856124,
      "cross_prev_rho_power": -0.08709176862821541,
      "imex_rho_power": -0.0871767999127783,
      "imex_paired_power": -0.10858282002084269,
      "current_linf": 10177.155235503184,
      "imex_linf": 10266.842551855296,
      "normalized_paired_rate": -112.68624998485268,
      "normalized_imex_rate": -112.73038960950016
    },
    {
      "grid_name": "rising_bubble_saved_wall_grid",
      "density_name": "constant",
      "operator_name": "fccd_flux",
      "history_name": "shift=0.00037",
      "n_effective": 32,
      "ke": 0.0009632080612599253,
      "unit_power": -0.08562609936553423,
      "rho_power": -0.08562609936553423,
      "density_correction": -0.02140602010806439,
      "paired_power": -0.10703211947359861,
      "cross_prev_rho_power": -0.08556054813398845,
      "imex_rho_power": -0.08569165059708003,
      "imex_paired_power": -0.10709767070514442,
      "current_linf": 8421.025814212544,
      "imex_linf": 8495.722658814326,
      "normalized_paired_rate": -111.12045650198893,
      "normalized_imex_rate": -111.18851161301038
    },
    {
      "grid_name": "rising_bubble_saved_wall_grid",
      "density_name": "constant",
      "operator_name": "fccd_nodal",
      "history_name": "shift=0.00037",
      "n_effective": 32,
      "ke": 0.0009632080612599253,
      "unit_power": -0.04266248396623276,
      "rho_power": -0.04266248396623276,
      "density_correction": -0.02140602010806439,
      "paired_power": -0.06406850407429715,
      "cross_prev_rho_power": -0.04266143967839778,
      "imex_rho_power": -0.04266352825406774,
      "imex_paired_power": -0.06406954836213213,
      "current_linf": 6264.368826355121,
      "imex_linf": 6320.371579611481,
      "normalized_paired_rate": -66.51574737704362,
      "normalized_imex_rate": -66.51683155384507
    },
    {
      "grid_name": "rising_bubble_saved_wall_grid",
      "density_name": "smooth_mild",
      "operator_name": "ccd",
      "history_name": "shift=0.00037",
      "n_effective": 32,
      "ke": 0.0009653486619972912,
      "unit_power": -0.05799836983152039,
      "rho_power": 0.08484858312049903,
      "density_correction": -0.15649083932293023,
      "paired_power": -0.0716422562024312,
      "cross_prev_rho_power": 0.0841600041599179,
      "imex_rho_power": 0.08553716208108018,
      "imex_paired_power": -0.07095367724185005,
      "current_linf": 9412.752977417193,
      "imex_linf": 9510.063793526035,
      "normalized_paired_rate": -74.21386595616603,
      "normalized_imex_rate": -73.50057034838377
    },
    {
      "grid_name": "rising_bubble_saved_wall_grid",
      "density_name": "smooth_mild",
      "operator_name": "uccd6",
      "history_name": "shift=0.00037",
      "n_effective": 32,
      "ke": 0.0009653486619972912,
      "unit_power": -0.08713428427049685,
      "rho_power": 0.06565366367115161,
      "density_correction": -0.15649083932293023,
      "paired_power": -0.09083717565177862,
      "cross_prev_rho_power": 0.06484971126005695,
      "imex_rho_power": 0.06645761608224621,
      "imex_paired_power": -0.09003322324068402,
      "current_linf": 10177.155235503184,
      "imex_linf": 10266.842551855296,
      "normalized_paired_rate": -94.09778997760036,
      "normalized_imex_rate": -93.26497957163653
    },
    {
      "grid_name": "rising_bubble_saved_wall_grid",
      "density_name": "smooth_mild",
      "operator_name": "fccd_flux",
      "history_name": "shift=0.00037",
      "n_effective": 32,
      "ke": 0.0009653486619972912,
      "unit_power": -0.08562609936553423,
      "rho_power": 0.05615434906345157,
      "density_correction": -0.15649083932293023,
      "paired_power": -0.10033649025947866,
      "cross_prev_rho_power": 0.05515011386790236,
      "imex_rho_power": 0.05715858425900078,
      "imex_paired_power": -0.09933225506392945,
      "current_linf": 8421.025814212544,
      "imex_linf": 8495.722658814326,